steps,time,reward,delta,converged
1,0.0,-6.666666666666665,0.31666666666666665,False
2,0.010000000000000009,-6.666666666666665,0,True
