steps,time,reward,delta,converged
1,0.019999999999999574,-37.36666666666684,0.31666666666666665,False
2,0.019999999999999574,-37.36666666666684,0,True
