steps,time,reward,delta,converged
1,0.009999999999990905,-6.666666666666665,0.39999999999999997,False
2,0.0,-6.666666666666665,0,True
