steps,time,reward,delta,converged
1,0.009999999999990905,-37.36666666666684,0.7,False
2,0.0,-37.36666666666684,0,True
